ligand,iteration,standalone_ls_score
5wuk_ligand,0,-10.5758
5wuk_ligand,1,-9.43108
5wuk_ligand,2,-9.03457
5wuk_ligand,3,-9.93377
5wuk_ligand,4,-10.3719
5wuk_ligand,5,-10.2341
5wuk_ligand,6,-10.5115
5wuk_ligand,7,-10.3105
5wuk_ligand,8,-10.4589
5wuk_ligand,9,-10.4129
5wuk_ligand,10,-10.3818
5wuk_ligand,11,-10.2334
5wuk_ligand,12,-10.2345
5wuk_ligand,13,-10.245
5wuk_ligand,14,-10.1416
5wuk_ligand,15,-10.077
5wuk_ligand,16,-9.84867
5wuk_ligand,17,-9.43607
5wuk_ligand,18,-8.95286
5wuk_ligand,19,-9.42141
5wuk_ligand,20,-8.93592
5wuk_ligand,21,-9.44378
5wuk_ligand,22,-9.67419
5wuk_ligand,23,-9.87609
5wuk_ligand,24,-9.77703
5wuk_ligand,25,-10.013
5wuk_ligand,26,-9.85252
5wuk_ligand,27,-9.9672
5wuk_ligand,28,-9.88449
5wuk_ligand,29,-9.41536
5wuk_ligand,30,-9.46097
5wuk_ligand,31,-9.16648
5wuk_ligand,32,-8.5044
5wuk_ligand,33,-8.58274
5wuk_ligand,34,-7.93317
5wuk_ligand,35,-9.60677
5wuk_ligand,36,-9.63646
5wuk_ligand,37,-9.73831
5wuk_ligand,38,-9.73341
5wuk_ligand,39,-10.1324
5wuk_ligand,40,-9.78944
5wuk_ligand,41,-9.55321
5wuk_ligand,42,-9.37377
5wuk_ligand,43,-9.29065
5wuk_ligand,44,-9.18152
5wuk_ligand,45,-9.32976
5wuk_ligand,46,-9.21468
5wuk_ligand,47,-9.01219
5wuk_ligand,48,-7.81471
5wuk_ligand,49,-9.79302
5wuk_ligand,50,-9.65154
5wuk_ligand,51,-9.33797
5wuk_ligand,52,-9.12098
5wuk_ligand,53,-9.2036
5wuk_ligand,54,-8.6379
5wuk_ligand,55,-9.19409
5wuk_ligand,56,-8.42404
5wuk_ligand,57,-8.1447
5wuk_ligand,58,-6.92663
5wuk_ligand,59,-6.22998
5wuk_ligand,60,17.1472
5wuk_ligand,61,103.796
5wuk_ligand,62,1868.66
5wuk_ligand,63,86396
5wuk_ligand,64,743142
5wuk_ligand,65,886670
5wuk_ligand,66,129894
5wuk_ligand,67,383382
5wuk_ligand,68,109787
5wuk_ligand,69,20344.6
5wuk_ligand,70,56109
5wuk_ligand,71,346.515
5wuk_ligand,72,310.596
5wuk_ligand,73,278.741
5wuk_ligand,74,250.391
5wuk_ligand,75,225.076
5wuk_ligand,76,202.436
5wuk_ligand,77,182.961
5wuk_ligand,78,166.416
5wuk_ligand,79,151.277
5wuk_ligand,80,137.42
5wuk_ligand,81,124.705
5wuk_ligand,82,113.028
5wuk_ligand,83,102.291
5wuk_ligand,84,92.4058
5wuk_ligand,85,83.2843
5wuk_ligand,86,74.8979
5wuk_ligand,87,67.1929
5wuk_ligand,88,60.0332
5wuk_ligand,89,53.3639
5wuk_ligand,90,47.1292
5wuk_ligand,91,41.2758
5wuk_ligand,92,35.8284
5wuk_ligand,93,32.1929
5wuk_ligand,94,31.3375
5wuk_ligand,95,31.0546
5wuk_ligand,96,30.7635
5wuk_ligand,97,30.4616
5wuk_ligand,98,30.1467
5wuk_ligand,99,29.8167
5wuk_ligand,100,29.4692
5wuk_ligand,101,29.1001
5wuk_ligand,102,28.7071
5wuk_ligand,103,28.2868
5wuk_ligand,104,27.8359
5wuk_ligand,105,27.3493
5wuk_ligand,106,26.8242
5wuk_ligand,107,26.2543
5wuk_ligand,108,25.637
5wuk_ligand,109,24.9682
5wuk_ligand,110,24.2416
5wuk_ligand,111,23.4516
5wuk_ligand,112,22.5933
5wuk_ligand,113,21.6633
5wuk_ligand,114,20.6551
5wuk_ligand,115,19.5644
5wuk_ligand,116,18.3874
5wuk_ligand,117,17.1243
5wuk_ligand,118,15.7645
5wuk_ligand,119,14.304
5wuk_ligand,120,12.738
5wuk_ligand,121,11.0579
5wuk_ligand,122,10.0816
5wuk_ligand,123,9.73765
5wuk_ligand,124,9.36943
5wuk_ligand,125,8.97723
5wuk_ligand,126,8.57751
5wuk_ligand,127,8.2753
5wuk_ligand,128,7.96655
5wuk_ligand,129,7.65888
5wuk_ligand,130,7.331
5wuk_ligand,131,6.98241
5wuk_ligand,132,6.61361
5wuk_ligand,133,6.2258
5wuk_ligand,134,5.82015
5wuk_ligand,135,5.3979
5wuk_ligand,136,4.96179
5wuk_ligand,137,4.51468
5wuk_ligand,138,4.06214
5wuk_ligand,139,3.61218
5wuk_ligand,140,3.16886
5wuk_ligand,141,2.73165
5wuk_ligand,142,2.32217
5wuk_ligand,143,1.92403
5wuk_ligand,144,1.54384
5wuk_ligand,145,1.1832
5wuk_ligand,146,0.846368
5wuk_ligand,147,0.540298
5wuk_ligand,148,0.266849
5wuk_ligand,149,0.0196018
5wuk_ligand,150,-0.202232
5wuk_ligand,151,-0.402767
5wuk_ligand,152,-0.506459
5wuk_ligand,153,-0.542934
5wuk_ligand,154,-0.582101
5wuk_ligand,155,-0.62355
5wuk_ligand,156,-0.667465
5wuk_ligand,157,-0.713905
5wuk_ligand,158,-0.765223
5wuk_ligand,159,-0.820232
5wuk_ligand,160,-0.874202
5wuk_ligand,161,-0.935155
5wuk_ligand,162,-1.00554
5wuk_ligand,163,-1.04828
5wuk_ligand,164,-1.09582
5wuk_ligand,165,-1.14567
5wuk_ligand,166,-1.18031
5wuk_ligand,167,-1.21635
5wuk_ligand,168,-1.25243
5wuk_ligand,169,-1.29812
5wuk_ligand,170,-1.34695
5wuk_ligand,171,-1.39186
5wuk_ligand,172,-1.43187
5wuk_ligand,173,-1.46464
5wuk_ligand,174,-1.47008
5wuk_ligand,175,-1.41983
5wuk_ligand,176,-1.47287
5wuk_ligand,177,-1.48073
5wuk_ligand,178,-1.41036
5wuk_ligand,179,-1.47526
5wuk_ligand,180,-1.48701
5wuk_ligand,181,-1.4675
5wuk_ligand,182,-1.37546
5wuk_ligand,183,-1.47797
5wuk_ligand,184,-1.46054
5wuk_ligand,185,-1.42107
5wuk_ligand,186,-1.50175
5wuk_ligand,187,-1.37526
5wuk_ligand,188,-1.49204
5wuk_ligand,189,-1.50036
5wuk_ligand,190,-1.34701
5wuk_ligand,191,-1.4275
5wuk_ligand,192,-1.46965
5wuk_ligand,193,-1.3032
5wuk_ligand,194,-1.1951
5wuk_ligand,195,-1.42193
5wuk_ligand,196,-1.36019
5wuk_ligand,197,-1.3809
5wuk_ligand,198,-1.15567
5wuk_ligand,199,-1.42805
5wuk_ligand,200,-1.45749
5wuk_ligand,201,-1.42132
5wuk_ligand,202,-1.39727
5wuk_ligand,203,-1.02933
5wuk_ligand,204,-1.4413
5wuk_ligand,205,-1.38916
5wuk_ligand,206,-1.42568
5wuk_ligand,207,-1.27197
5wuk_ligand,208,-1.25179
5wuk_ligand,209,-1.35969
5wuk_ligand,210,-1.34343
5wuk_ligand,211,-1.25942
5wuk_ligand,212,-1.49301
5wuk_ligand,213,-1.49445
5wuk_ligand,214,-1.35179
5wuk_ligand,215,-1.42382
5wuk_ligand,216,-1.36804
5wuk_ligand,217,-1.23916
5wuk_ligand,218,-1.31888
5wuk_ligand,219,-1.3331
5wuk_ligand,220,-1.38589
5wuk_ligand,221,-1.20545
5wuk_ligand,222,-1.44703
5wuk_ligand,223,-1.33001
5wuk_ligand,224,-1.44072
5wuk_ligand,225,-1.35747
5wuk_ligand,226,-1.48189
5wuk_ligand,227,-1.32779
5wuk_ligand,228,-1.18106
5wuk_ligand,229,-1.2976
5wuk_ligand,230,-1.51232
5wuk_ligand,231,-1.50294
5wuk_ligand,232,-1.37951
5wuk_ligand,233,-1.50034
5wuk_ligand,234,-1.5157
5wuk_ligand,235,-1.37043
5wuk_ligand,236,-1.5175
5wuk_ligand,237,-1.57586
5wuk_ligand,238,-1.56957
5wuk_ligand,239,-1.56439
5wuk_ligand,240,-1.53714
5wuk_ligand,241,-1.47648
5wuk_ligand,242,-1.51584
5wuk_ligand,243,-1.44162
5wuk_ligand,244,-1.44807
5wuk_ligand,245,-1.5809
5wuk_ligand,246,-1.59073
5wuk_ligand,247,-1.60969
5wuk_ligand,248,-1.63586
5wuk_ligand,249,-1.639
5wuk_ligand,250,-1.64801
5wuk_ligand,251,-1.47159
5wuk_ligand,252,-1.5085
5wuk_ligand,253,-1.58989
5wuk_ligand,254,-1.50103
5wuk_ligand,255,-1.54318
5wuk_ligand,256,-1.42734
5wuk_ligand,257,-1.56973
5wuk_ligand,258,-1.38542
5wuk_ligand,259,-1.53222
5wuk_ligand,260,-1.46162
5wuk_ligand,261,-1.51785
5wuk_ligand,262,-1.48443
5wuk_ligand,263,-1.46387
5wuk_ligand,264,-1.44699
5wuk_ligand,265,-1.24468
5wuk_ligand,266,-1.69522
5wuk_ligand,267,-1.6728
5wuk_ligand,268,-1.57089
5wuk_ligand,269,-1.12143
5wuk_ligand,270,-1.24527
5wuk_ligand,271,-1.6128
5wuk_ligand,272,-1.69947
5wuk_ligand,273,-1.68124
5wuk_ligand,274,-1.68475
5wuk_ligand,275,-1.29733
5wuk_ligand,276,-1.71833
5wuk_ligand,277,-1.75477
5wuk_ligand,278,-1.77059
5wuk_ligand,279,-1.75619
5wuk_ligand,280,-1.60134
5wuk_ligand,281,-1.73822
5wuk_ligand,282,-1.77448
5wuk_ligand,283,-1.17262
5wuk_ligand,284,-1.56486
5wuk_ligand,285,-1.66708
5wuk_ligand,286,-1.75224
5wuk_ligand,287,-1.74362
5wuk_ligand,288,-1.73069
5wuk_ligand,289,-1.61135
5wuk_ligand,290,-1.54651
5wuk_ligand,291,-1.78645
5wuk_ligand,292,-1.70047
5wuk_ligand,293,-1.58301
5wuk_ligand,294,-1.74514
5wuk_ligand,295,-1.85451
5wuk_ligand,296,-1.31253
5wuk_ligand,297,-1.79105
5wuk_ligand,298,-1.74254
5wuk_ligand,299,-1.51208
