ligand,iteration,com_distance
2ya6_ligand,0,0
2ya6_ligand,1,0.389636
2ya6_ligand,2,0.751326
2ya6_ligand,3,0.691565
2ya6_ligand,4,0.746926
2ya6_ligand,5,0.838158
2ya6_ligand,6,0.78032
2ya6_ligand,7,0.932161
2ya6_ligand,8,0.756749
2ya6_ligand,9,0.897169
2ya6_ligand,10,0.707388
2ya6_ligand,11,0.843289
2ya6_ligand,12,0.710702
2ya6_ligand,13,0.814744
2ya6_ligand,14,0.946722
2ya6_ligand,15,0.744895
2ya6_ligand,16,0.854812
2ya6_ligand,17,0.929352
2ya6_ligand,18,0.92738
2ya6_ligand,19,0.78627
2ya6_ligand,20,1.01725
2ya6_ligand,21,0.867943
2ya6_ligand,22,0.800328
2ya6_ligand,23,0.895783
2ya6_ligand,24,1.03109
2ya6_ligand,25,0.66332
2ya6_ligand,26,0.93196
2ya6_ligand,27,0.909978
2ya6_ligand,28,0.923237
2ya6_ligand,29,0.919345
2ya6_ligand,30,0.9733
2ya6_ligand,31,0.721382
2ya6_ligand,32,0.923685
2ya6_ligand,33,0.866679
2ya6_ligand,34,0.879612
2ya6_ligand,35,0.703031
2ya6_ligand,36,1.01345
2ya6_ligand,37,0.856186
2ya6_ligand,38,0.912765
2ya6_ligand,39,0.895621
2ya6_ligand,40,0.79782
2ya6_ligand,41,0.823074
2ya6_ligand,42,0.942528
2ya6_ligand,43,0.901644
2ya6_ligand,44,0.898281
2ya6_ligand,45,1.03039
2ya6_ligand,46,0.802519
2ya6_ligand,47,0.844811
2ya6_ligand,48,0.857738
2ya6_ligand,49,0.968697
2ya6_ligand,50,0.798887
2ya6_ligand,51,1.03636
2ya6_ligand,52,0.870974
2ya6_ligand,53,0.908593
2ya6_ligand,54,0.807729
2ya6_ligand,55,1.00602
2ya6_ligand,56,0.672475
2ya6_ligand,57,1.09972
2ya6_ligand,58,0.718882
2ya6_ligand,59,0.813666
2ya6_ligand,60,0.919682
2ya6_ligand,61,0.8727
2ya6_ligand,62,0.875385
2ya6_ligand,63,1.04142
2ya6_ligand,64,0.673816
2ya6_ligand,65,0.904079
2ya6_ligand,66,0.718545
2ya6_ligand,67,0.761677
2ya6_ligand,68,0.947277
2ya6_ligand,69,0.868477
2ya6_ligand,70,0.789713
2ya6_ligand,71,0.896366
2ya6_ligand,72,0.851313
2ya6_ligand,73,0.888045
2ya6_ligand,74,0.77837
2ya6_ligand,75,0.95773
2ya6_ligand,76,0.789145
2ya6_ligand,77,0.991788
2ya6_ligand,78,0.784654
2ya6_ligand,79,1.10454
2ya6_ligand,80,0.643157
2ya6_ligand,81,0.9289
2ya6_ligand,82,0.780112
2ya6_ligand,83,0.971539
2ya6_ligand,84,0.775573
2ya6_ligand,85,1.06123
2ya6_ligand,86,0.777065
2ya6_ligand,87,0.921357
2ya6_ligand,88,0.722154
2ya6_ligand,89,1.05267
2ya6_ligand,90,0.740988
2ya6_ligand,91,0.858126
2ya6_ligand,92,0.941839
2ya6_ligand,93,0.778463
2ya6_ligand,94,0.886006
2ya6_ligand,95,0.766161
2ya6_ligand,96,1.03605
2ya6_ligand,97,0.684696
2ya6_ligand,98,1.05977
2ya6_ligand,99,0.695295
2ya6_ligand,100,0.902559
2ya6_ligand,101,0.704621
2ya6_ligand,102,1.01958
2ya6_ligand,103,0.78033
2ya6_ligand,104,0.772414
2ya6_ligand,105,0.996866
2ya6_ligand,106,1.0384
2ya6_ligand,107,0.770516
2ya6_ligand,108,0.876381
2ya6_ligand,109,0.684869
2ya6_ligand,110,0.998307
2ya6_ligand,111,0.930386
2ya6_ligand,112,0.643001
2ya6_ligand,113,1.00123
2ya6_ligand,114,0.610869
2ya6_ligand,115,0.878789
2ya6_ligand,116,0.859842
2ya6_ligand,117,0.810978
2ya6_ligand,118,0.947924
2ya6_ligand,119,1.23672
2ya6_ligand,120,0.672902
2ya6_ligand,121,0.960301
2ya6_ligand,122,0.73228
2ya6_ligand,123,0.920627
2ya6_ligand,124,0.903063
2ya6_ligand,125,0.653475
2ya6_ligand,126,0.883667
2ya6_ligand,127,0.840877
2ya6_ligand,128,0.771626
2ya6_ligand,129,0.881552
2ya6_ligand,130,0.863381
2ya6_ligand,131,0.813397
2ya6_ligand,132,0.824787
2ya6_ligand,133,0.826465
2ya6_ligand,134,0.961484
2ya6_ligand,135,0.715806
2ya6_ligand,136,0.940975
2ya6_ligand,137,0.710175
2ya6_ligand,138,0.931194
2ya6_ligand,139,0.606364
2ya6_ligand,140,0.982507
2ya6_ligand,141,0.891238
2ya6_ligand,142,0.72946
2ya6_ligand,143,0.984232
2ya6_ligand,144,0.910995
2ya6_ligand,145,0.859779
2ya6_ligand,146,0.873129
2ya6_ligand,147,0.936967
2ya6_ligand,148,1.00317
2ya6_ligand,149,0.830309
2ya6_ligand,150,0.934414
2ya6_ligand,151,0.758367
2ya6_ligand,152,0.892967
2ya6_ligand,153,0.811814
2ya6_ligand,154,0.955061
2ya6_ligand,155,0.72556
2ya6_ligand,156,0.876142
2ya6_ligand,157,0.989573
2ya6_ligand,158,0.987702
2ya6_ligand,159,0.89473
2ya6_ligand,160,0.948417
2ya6_ligand,161,0.657125
2ya6_ligand,162,1.03145
2ya6_ligand,163,0.892428
2ya6_ligand,164,0.795704
2ya6_ligand,165,0.915271
2ya6_ligand,166,0.936333
2ya6_ligand,167,0.87152
2ya6_ligand,168,0.893339
2ya6_ligand,169,0.860105
2ya6_ligand,170,0.751609
2ya6_ligand,171,1.13915
2ya6_ligand,172,0.579297
2ya6_ligand,173,1.11593
2ya6_ligand,174,0.491683
2ya6_ligand,175,1.2991
2ya6_ligand,176,0.705057
2ya6_ligand,177,0.908601
2ya6_ligand,178,1.07185
2ya6_ligand,179,0.866316
2ya6_ligand,180,0.939142
2ya6_ligand,181,0.835324
2ya6_ligand,182,0.837089
2ya6_ligand,183,0.921758
2ya6_ligand,184,0.804539
2ya6_ligand,185,0.863182
2ya6_ligand,186,0.902953
2ya6_ligand,187,0.747229
2ya6_ligand,188,0.845627
2ya6_ligand,189,0.943305
2ya6_ligand,190,0.825902
2ya6_ligand,191,0.818093
2ya6_ligand,192,0.933195
2ya6_ligand,193,0.710342
2ya6_ligand,194,0.837634
2ya6_ligand,195,0.986395
2ya6_ligand,196,0.720525
2ya6_ligand,197,0.905609
2ya6_ligand,198,1.01625
2ya6_ligand,199,0.778221
2ya6_ligand,200,0.890589
2ya6_ligand,201,1.00071
2ya6_ligand,202,1.07036
2ya6_ligand,203,0.682842
2ya6_ligand,204,0.977561
2ya6_ligand,205,0.847085
2ya6_ligand,206,0.789806
2ya6_ligand,207,0.905617
2ya6_ligand,208,0.945365
2ya6_ligand,209,0.866127
2ya6_ligand,210,0.935665
2ya6_ligand,211,0.813316
2ya6_ligand,212,0.848754
2ya6_ligand,213,0.93658
2ya6_ligand,214,0.71876
2ya6_ligand,215,0.935474
2ya6_ligand,216,1.02358
2ya6_ligand,217,0.871191
2ya6_ligand,218,0.63728
2ya6_ligand,219,0.848511
2ya6_ligand,220,0.942692
2ya6_ligand,221,0.742602
2ya6_ligand,222,0.907884
2ya6_ligand,223,1.06489
2ya6_ligand,224,0.788895
2ya6_ligand,225,0.734672
2ya6_ligand,226,0.884487
2ya6_ligand,227,1.04006
2ya6_ligand,228,0.788584
2ya6_ligand,229,0.718837
2ya6_ligand,230,0.914201
2ya6_ligand,231,1.14421
2ya6_ligand,232,0.66165
2ya6_ligand,233,0.732855
2ya6_ligand,234,0.826463
2ya6_ligand,235,0.909069
2ya6_ligand,236,0.967238
2ya6_ligand,237,0.983009
2ya6_ligand,238,0.863955
2ya6_ligand,239,0.926996
2ya6_ligand,240,0.848891
2ya6_ligand,241,1.07482
2ya6_ligand,242,0.63423
2ya6_ligand,243,0.88086
2ya6_ligand,244,0.865986
2ya6_ligand,245,0.856696
2ya6_ligand,246,0.952576
2ya6_ligand,247,0.849096
2ya6_ligand,248,0.951983
2ya6_ligand,249,0.921103
2ya6_ligand,250,0.87606
2ya6_ligand,251,0.912039
2ya6_ligand,252,0.946217
2ya6_ligand,253,0.896631
2ya6_ligand,254,0.902602
2ya6_ligand,255,0.958076
2ya6_ligand,256,0.759313
2ya6_ligand,257,1.0477
2ya6_ligand,258,0.609995
2ya6_ligand,259,0.937203
2ya6_ligand,260,0.757167
2ya6_ligand,261,0.950342
2ya6_ligand,262,0.997364
2ya6_ligand,263,0.83664
2ya6_ligand,264,0.970612
2ya6_ligand,265,1.04805
2ya6_ligand,266,0.926016
2ya6_ligand,267,1.04984
2ya6_ligand,268,0.819494
2ya6_ligand,269,0.916339
2ya6_ligand,270,1.14252
2ya6_ligand,271,0.480685
2ya6_ligand,272,1.11229
2ya6_ligand,273,0.620349
2ya6_ligand,274,0.892378
2ya6_ligand,275,0.930194
2ya6_ligand,276,0.853318
2ya6_ligand,277,0.960042
2ya6_ligand,278,0.895942
2ya6_ligand,279,0.90905
2ya6_ligand,280,0.954016
2ya6_ligand,281,0.868112
2ya6_ligand,282,0.980891
2ya6_ligand,283,0.857755
2ya6_ligand,284,1.01279
2ya6_ligand,285,0.681507
2ya6_ligand,286,0.909187
2ya6_ligand,287,0.951898
2ya6_ligand,288,0.807379
2ya6_ligand,289,1.00472
2ya6_ligand,290,0.649076
2ya6_ligand,291,0.968314
2ya6_ligand,292,0.953899
2ya6_ligand,293,0.79366
2ya6_ligand,294,1.02003
2ya6_ligand,295,0.72628
2ya6_ligand,296,1.07676
2ya6_ligand,297,0.530803
2ya6_ligand,298,1.01151
2ya6_ligand,299,0.882816
