ligand,crystal_score,final_score,rmsd,com,num_atoms,num_rotamers,iterations
10gs_ligand,-14.3668,-14.675,0.137712,0.0909502,59,14,300
1a30_ligand,-10.7596,-11.2329,0.254052,0.233755,49,15,300
1bcu_ligand,-5.03665,-5.67146,0.500508,0.489456,27,2,300
1e66_ligand,-11.9904,-12.3143,0.358625,0.300422,40,11,300
1f8b_ligand,-9.23097,-10.223,0.105552,0.0558727,36,15,300
1f8c_ligand,-7.46249,-8.21547,0.171532,0.154269,38,15,300
1f8d_ligand,-7.46257,-8.26971,0.284772,0.273774,38,15,300
1gpk_ligand,-7.22602,-7.61623,0.335791,0.278454,37,14,300
1h23_ligand,-4.39893,-5.4436,0.375879,0.251201,84,31,300
1hfs_ligand,-16.9407,-17.2573,0.176072,0.160601,99,23,300
1hnn_ligand,-3.8039,-4.63077,0.256114,0.242682,27,6,300
1igj_ligand,-2.94682,-3.91812,0.680067,0.551656,81,40,300
1jyq_ligand,-16.7446,-21.1267,0.158687,0.128327,85,21,300
1kel_ligand,-10.5836,-11.0526,0.219158,0.1931,40,10,300
1lbk_ligand,-10.5484,-10.7631,0.0970773,0.0936726,36,11,300
1lol_ligand,-8.40348,-9.82137,0.426117,0.415031,35,15,300
1lor_ligand,-9.70816,-11.0708,0.168643,0.148223,33,13,300
1mq6_ligand,-16.2916,-16.7046,0.241675,0.221147,56,17,300
1n1m_ligand,-4.54185,-4.72241,0.196776,0.16501,31,10,300
1n2v_ligand,-6.48163,-6.60211,0.196301,0.14077,27,10,300
1nvq_ligand,-7.57664,-7.95556,0.264077,0.253516,63,23,300
1o3f_ligand,23.3224,11.5356,0.353939,0.344897,43,7,300
1o5b_ligand,-5.64287,-6.30345,0.301517,0.286445,21,4,300
1os0_ligand,-14.0894,-15.2326,0.362493,0.309755,65,13,300
1oyt_ligand,-10.4088,-10.9589,0.258087,0.236198,55,15,300
1p1q_ligand,-9.66187,-10.4328,0.233454,0.226324,23,9,300
1ps3_ligand,-5.08341,-6.81999,0.202491,0.15144,28,13,300
1qi0_ligand,1.38901,-1.13324,0.342361,0.328949,45,24,300
1r5y_ligand,-8.50922,-8.72054,0.102282,0.0883139,21,4,300
1sln_ligand,-14.0924,-15.1099,0.220143,0.158949,70,15,300
1sqa_ligand,-11.6793,-12.023,0.13103,0.105545,54,7,300
1u1b_ligand,-9.08966,-10.494,0.341135,0.300841,74,32,300
1u33_ligand,-6.941,-9.12037,0.341963,0.333141,70,37,300
1uto_ligand,-4.94361,-6.12312,1.00637,1.00248,21,3,300
1vso_ligand,-6.85176,-8.38592,0.165619,0.15855,38,14,300
1w3k_ligand,10.0486,-5.16123,0.232837,0.21206,43,22,300
1w3l_ligand,36.431,-5.32641,0.346881,0.33062,64,34,300
1w4o_ligand,-4.14467,-7.9085,0.397979,0.392764,32,13,300
1xd0_ligand,-7.41296,-9.72396,0.351586,0.130127,109,58,300
1yc1_ligand,-6.14502,-6.47094,0.378788,0.310531,42,14,300
1z95_ligand,-14.557,-14.966,0.139757,0.102662,43,9,300
1zea_ligand,-5.38502,-9.10088,0.414568,0.384351,129,42,300
2brb_ligand,-6.29082,-6.64161,0.346915,0.302665,42,9,300
2cbj_ligand,-8.50163,-9.07373,0.304045,0.263129,44,15,300
2cet_ligand,-4.39549,-5.81258,0.287613,0.206175,42,16,300
2d1o_ligand,-11.5356,-12.0351,0.159098,0.140552,77,20,300
2d3u_ligand,-9.11446,-10.036,0.372245,0.361767,40,9,300
2fvd_ligand,-11.989,-12.8461,0.329244,0.315731,51,14,300
2g70_ligand,-2.9448,-3.12465,0.210545,0.170966,28,8,300
2gss_ligand,-6.52644,-7.33352,0.581081,0.565915,30,7,300
2hb1_ligand,-7.72077,-8.38135,0.309955,0.290618,17,7,300
2iwx_ligand,-7.35185,-7.94761,0.464008,0.427689,45,15,300
2j62_ligand,-12.7731,-13.7294,0.232791,0.174334,54,19,300
2j78_ligand,-6.75551,-7.0748,0.164121,0.15993,25,12,300
2jdm_ligand,-3.7747,-4.2806,0.291605,0.289287,26,12,300
2jdu_ligand,-2.0458,-2.83481,0.264724,0.223436,26,12,300
2jdy_ligand,-1.26856,-2.16929,0.273983,0.253411,27,13,300
2obf_ligand,-8.58603,-8.96484,0.106125,0.0551294,41,9,300
2ole_ligand,1.26627,-0.653095,0.700521,0.683129,56,15,300
2p4y_ligand,-15.6516,-16.6581,0.304232,0.272894,61,18,300
2pcp_ligand,-8.80254,-9.76157,0.300625,0.182449,44,14,300
2pq9_ligand,-20.2895,-20.6698,0.085866,0.0598562,36,15,300
2qbp_ligand,-8.72196,-11.7344,0.476763,0.444601,60,18,300
2qbr_ligand,-12.1801,-14.3844,0.627687,0.605189,42,11,300
2qft_ligand,-10.5951,-12.477,0.16813,0.16265,16,4,300
2qmj_ligand,1.24496,-0.0244374,0.431905,0.320219,88,46,300
2r23_ligand,-0.298818,-5.15407,0.324459,0.266367,63,31,300
2v00_ligand,-7.54933,-7.94337,0.224251,0.177683,29,6,300
2vl4_ligand,-2.16678,-3.31551,0.232652,0.191359,25,11,300
2vo5_ligand,-3.61049,-4.84607,0.179124,0.164905,42,16,300
2vot_ligand,-2.90827,-4.32724,0.256469,0.24528,41,16,300
2vvn_ligand,-4.9401,-5.28663,0.235386,0.199927,32,16,300
2vw5_ligand,-10.0785,-10.6099,0.27256,0.267023,78,25,300
2w66_ligand,-7.6462,-8.40766,0.203659,0.148778,35,14,300
2wbg_ligand,-3.49287,-4.33863,0.310761,0.258615,50,22,300
2wca_ligand,-7.34228,-7.97824,0.162581,0.116232,50,17,300
2weg_ligand,-6.42609,-7.18334,0.507584,0.503786,17,1,300
2x00_ligand,-3.11468,-3.57435,0.380821,0.273643,84,36,300
2x0y_ligand,-6.98362,-7.49956,0.321165,0.309461,32,12,300
2x8z_ligand,-6.27146,-6.8643,0.333412,0.314159,28,10,300
2x97_ligand,8.02802,-12.8528,0.296867,0.273111,63,16,300
2xb8_ligand,-11.3487,-12.0893,0.231887,0.193016,39,14,300
2xbv_ligand,-16.3687,-17.3549,0.30683,0.269045,57,15,300
2xdl_ligand,-4.78094,-5.04424,0.326055,0.316438,33,8,300
2xhm_ligand,-13.171,-14.4381,0.40458,0.380408,69,17,300
2xnb_ligand,-9.49335,-10.0745,0.29107,0.280613,50,15,300
2xy9_ligand,-19.8361,-22.2265,0.268091,0.226719,87,21,300
2xys_ligand,-2.35159,-2.89242,0.464444,0.348588,49,24,300
2y5h_ligand,-9.27179,-10.2835,0.330773,0.317499,59,26,300
2yfe_ligand,6.52502,4.60562,0.378676,0.370884,48,11,300
2yge_ligand,1.90935,0.256855,0.519404,0.457304,80,32,300
2yki_ligand,-18.0009,-18.0948,0.116991,0.103769,52,12,300
2ymd_ligand,-5.83311,-6.00072,0.0918443,0.0493187,26,7,300
2zcq_ligand,-13.1718,-13.9239,0.363556,0.266685,41,8,300
2zcr_ligand,-14.5488,-15.1419,0.266975,0.200248,52,11,300
2zjw_ligand,-2.82376,-5.03486,0.674144,0.666113,28,11,300
2zwz_ligand,1.47887,0.322593,0.200888,0.118318,30,12,300
2zx6_ligand,-3.27091,-3.85159,0.305148,0.218816,48,17,300
2zxd_ligand,-0.970723,-1.78625,0.235866,0.203395,30,12,300
3acw_ligand,-5.28592,-5.77354,0.616918,0.616226,42,12,300
3ao4_ligand,-4.57296,-4.9728,0.369057,0.339736,27,10,300
3b3s_ligand,-2.76351,-5.68329,0.63862,0.638167,22,6,300
3b3w_ligand,-5.2881,-5.60462,0.312666,0.310859,22,6,300
3b68_ligand,-6.92808,-7.19712,0.0726516,0.0368051,49,11,300
3bfu_ligand,-8.04472,-8.8037,0.11327,0.0998753,19,8,300
3bkk_ligand,-15.1312,-16.1729,0.303085,0.277371,65,14,300
3bpc_ligand,-3.1144,-6.99212,0.348794,0.235664,58,27,300
3cft_ligand,-3.42849,-3.77923,0.501114,0.498207,23,2,300
3cj2_ligand,-4.24004,-5.08044,0.569347,0.552699,37,10,300
3coy_ligand,-9.69109,-10.5334,0.2029,0.0464363,57,21,300
3cyx_ligand,-18.3017,-18.75,0.218319,0.188075,100,28,300
3d4z_ligand,-5.30796,-5.73414,0.0848791,0.0493963,26,13,300
3dd0_ligand,17.7677,-7.7737,0.443599,0.434301,26,7,300
3dxg_ligand,-4.25057,-4.78679,0.399678,0.399123,32,13,300
3e93_ligand,-10.7748,-11.6175,0.361153,0.248137,70,21,300
3ehy_ligand,-9.92485,-10.2324,0.277077,0.266397,29,6,300
3ejr_ligand,-8.44475,-9.08722,0.497929,0.416282,54,20,300
3f17_ligand,-13.617,-14.0896,0.215095,0.204283,33,5,300
3f3a_ligand,-6.15316,-6.51741,0.272511,0.242062,26,7,300
3f3c_ligand,-8.43819,-9.24917,0.319877,0.316632,23,4,300
3f3e_ligand,-7.69353,-7.8412,0.116628,0.0948424,22,6,300
3f80_ligand,-5.86402,-6.94164,0.498737,0.491258,24,7,300
3fcq_ligand,-6.61194,-6.92554,0.237956,0.23191,23,5,300
3fk1_ligand,-7.65738,-10.762,0.34903,0.347472,16,4,300
3fv1_ligand,-13.761,-15.3396,0.184499,0.162629,41,18,300
3g0w_ligand,-7.26802,-7.54176,0.251116,0.130613,37,14,300
3g2z_ligand,5.3073,0.8686,0.516742,0.504635,22,10,300
3gbb_ligand,-12.2402,-12.7956,0.113023,0.0836681,34,15,300
3gcs_ligand,-9.18268,-10.9011,0.362783,0.347529,48,7,300
3ge7_ligand,-10.0955,-10.9497,0.382449,0.260694,53,17,300
3gnw_ligand,-8.42133,-9.32116,0.265732,0.235724,76,19,300
3gy4_ligand,-6.82856,-7.18666,0.212725,0.208,20,2,300
3huc_ligand,-7.31168,-8.1549,0.65952,0.615375,43,8,300
3i3b_ligand,-4.83347,-5.33238,0.271489,0.232313,22,11,300
3imc_ligand,-4.63876,-4.82194,0.217841,0.213308,20,5,300
3ivg_ligand,-9.61113,-10.3605,0.394876,0.280923,46,13,300
3jvs_ligand,-11.1812,-11.6707,0.209206,0.201998,52,8,300
3k5v_ligand,-6.11154,-6.47346,0.270095,0.234409,40,6,300
3kgp_ligand,-3.94352,-4.2693,0.224307,0.205621,20,3,300
3kv2_ligand,-5.25176,-6.52757,0.499495,0.458262,24,8,300
3kwa_ligand,92712.6,38762.8,0.261671,0.237136,44,13,300
3l3n_ligand,-13.5681,-14.4528,0.344364,0.176238,70,19,300
3l4u_ligand,0.640053,-0.507657,0.368218,0.199795,47,22,300
3l4w_ligand,-2.88353,-3.34498,0.231315,0.0778313,31,14,300
3lka_ligand,-7.83972,-8.70805,0.551987,0.548588,21,3,300
3mfv_ligand,-5.02532,-7.33746,0.450075,0.416177,25,9,300
3mss_ligand,-4.05784,-4.48558,0.711658,0.702962,42,8,300
3muz_ligand,-4.44698,-4.97503,0.381989,0.338389,33,15,300
3myg_ligand,-3.57277,-4.00207,0.323384,0.166834,56,25,300
3n7a_ligand,-7.02089,-8.94192,0.0554327,0.050803,21,9,300
3n86_ligand,-9.50593,-13.7298,0.15862,0.140604,41,13,300
3nox_ligand,21.7949,-3.92155,0.380381,0.364196,48,17,300
3nq3_ligand,-4.67207,-4.75262,0.209606,0.203607,31,9,300
3nw9_ligand,-13.4835,-19.3487,0.225876,0.158117,62,19,300
3oe5_ligand,-7.53137,-10.524,0.267125,0.253118,50,16,300
3ov1_ligand,-8.90778,-10.4564,0.119218,0.10089,58,16,300
3owj_ligand,-1.42498,-2.82185,0.56659,0.437716,35,13,300
3ozt_ligand,-7.20232,-9.97287,0.250049,0.243962,50,19,300
3pe2_ligand,-11.1501,-11.4038,0.325324,0.302011,37,4,300
3pww_ligand,-13.4932,-14.6303,0.286764,0.218448,99,28,300
3pxf_ligand,-6.51843,-7.97215,0.252212,0.249388,33,3,300
3s8o_ligand,-9.46547,-10.8294,0.141574,0.119807,67,19,300
3su2_ligand,-15.4859,-16.7126,0.32853,0.325449,95,33,300
3su3_ligand,-14.7727,-16.4187,0.401266,0.372057,106,37,300
3su5_ligand,-13.9443,-15.3191,0.46777,0.448869,106,37,300
3u9q_ligand,-3.79228,-4.50956,0.692969,0.685192,31,9,300
3udh_ligand,-5.7228,-6.19198,0.0862233,0.0634546,27,8,300
3ueu_ligand,-3.96391,-4.77338,0.893941,0.874598,37,11,300
3uex_ligand,-5.63253,-6.65986,0.552906,0.537382,55,17,300
3uo4_ligand,-10.641,-11.6816,0.272378,0.238234,46,6,300
3uri_ligand,-15.0184,-16.4534,0.53567,0.385698,130,44,300
3utu_ligand,-18.4687,-19.5362,0.305187,0.262506,82,19,300
3vd4_ligand,-4.48832,-4.7802,0.202853,0.14734,33,15,300
3vh9_ligand,-7.12993,-7.64505,0.26879,0.265846,18,1,300
3zso_ligand,-13.3226,-14.2239,0.363337,0.334376,77,19,300
3zsx_ligand,-6.8416,-7.9502,0.384799,0.278898,59,14,300
4de1_ligand,-9.97761,-11.4649,0.414363,0.405415,34,8,300
4de2_ligand,-9.49765,-10.7991,0.471031,0.428614,42,10,300
4des_ligand,4.88021,-4.03196,0.389905,0.349409,29,7,300
4dew_ligand,16.9687,5.46315,0.377781,0.366673,31,9,300
4djr_ligand,-15.5524,-16.322,0.166792,0.100012,76,23,300
4djv_ligand,-6.3974,-7.8159,0.219134,0.0942795,50,8,300
4g8m_ligand,-8.51063,-9.62869,0.163259,0.13318,22,8,300
4gid_ligand,-18.5461,-25.5815,0.22522,0.183965,95,22,300
4gqq_ligand,-3.81858,-6.07451,0.381005,0.368208,27,7,300
4tmn_ligand,-16.1306,-16.897,0.290746,0.275594,68,16,300
